date_key,date,year,month,day,day_name
20260103,2026-01-03,2026,1,3,Saturday
20260105,2026-01-05,2026,1,5,Monday
20260106,2026-01-06,2026,1,6,Tuesday
20260107,2026-01-07,2026,1,7,Wednesday
20260108,2026-01-08,2026,1,8,Thursday
20260115,2026-01-15,2026,1,15,Thursday
20260116,2026-01-16,2026,1,16,Friday
20260119,2026-01-19,2026,1,19,Monday
20260120,2026-01-20,2026,1,20,Tuesday
20260121,2026-01-21,2026,1,21,Wednesday
20260122,2026-01-22,2026,1,22,Thursday
20260128,2026-01-28,2026,1,28,Wednesday
20260205,2026-02-05,2026,2,5,Thursday
20260206,2026-02-06,2026,2,6,Friday
20260208,2026-02-08,2026,2,8,Sunday
20260210,2026-02-10,2026,2,10,Tuesday
20260211,2026-02-11,2026,2,11,Wednesday
20260213,2026-02-13,2026,2,13,Friday
20260217,2026-02-17,2026,2,17,Tuesday
20260218,2026-02-18,2026,2,18,Wednesday
20260221,2026-02-21,2026,2,21,Saturday
20260223,2026-02-23,2026,2,23,Monday
20260224,2026-02-24,2026,2,24,Tuesday
20260228,2026-02-28,2026,2,28,Saturday
20260302,2026-03-02,2026,3,2,Monday
20260306,2026-03-06,2026,3,6,Friday
20260318,2026-03-18,2026,3,18,Wednesday
20260320,2026-03-20,2026,3,20,Friday
20260323,2026-03-23,2026,3,23,Monday
20260325,2026-03-25,2026,3,25,Wednesday
20260326,2026-03-26,2026,3,26,Thursday
20260331,2026-03-31,2026,3,31,Tuesday
20260401,2026-04-01,2026,4,1,Wednesday
20260404,2026-04-04,2026,4,4,Saturday
20260405,2026-04-05,2026,4,5,Sunday
20260406,2026-04-06,2026,4,6,Monday
20260409,2026-04-09,2026,4,9,Thursday
20260410,2026-04-10,2026,4,10,Friday
20260412,2026-04-12,2026,4,12,Sunday
20260414,2026-04-14,2026,4,14,Tuesday
20260415,2026-04-15,2026,4,15,Wednesday
20260417,2026-04-17,2026,4,17,Friday
20260419,2026-04-19,2026,4,19,Sunday
20260421,2026-04-21,2026,4,21,Tuesday
20260422,2026-04-22,2026,4,22,Wednesday
20260424,2026-04-24,2026,4,24,Friday
20260426,2026-04-26,2026,4,26,Sunday
20260501,2026-05-01,2026,5,1,Friday
20260504,2026-05-04,2026,5,4,Monday
20260505,2026-05-05,2026,5,5,Tuesday
20260508,2026-05-08,2026,5,8,Friday
20260513,2026-05-13,2026,5,13,Wednesday
20260516,2026-05-16,2026,5,16,Saturday
20260517,2026-05-17,2026,5,17,Sunday
20260518,2026-05-18,2026,5,18,Monday
20260520,2026-05-20,2026,5,20,Wednesday
20260523,2026-05-23,2026,5,23,Saturday
20260525,2026-05-25,2026,5,25,Monday
20260526,2026-05-26,2026,5,26,Tuesday
20260530,2026-05-30,2026,5,30,Saturday
20260603,2026-06-03,2026,6,3,Wednesday
20260605,2026-06-05,2026,6,5,Friday
20260606,2026-06-06,2026,6,6,Saturday
20260608,2026-06-08,2026,6,8,Monday
20260609,2026-06-09,2026,6,9,Tuesday
20260612,2026-06-12,2026,6,12,Friday
20260613,2026-06-13,2026,6,13,Saturday
20260614,2026-06-14,2026,6,14,Sunday
20260615,2026-06-15,2026,6,15,Monday
20260617,2026-06-17,2026,6,17,Wednesday
20260618,2026-06-18,2026,6,18,Thursday
20260619,2026-06-19,2026,6,19,Friday
20260620,2026-06-20,2026,6,20,Saturday
20260621,2026-06-21,2026,6,21,Sunday
20260622,2026-06-22,2026,6,22,Monday
20260625,2026-06-25,2026,6,25,Thursday
20260626,2026-06-26,2026,6,26,Friday
20260629,2026-06-29,2026,6,29,Monday
20260701,2026-07-01,2026,7,1,Wednesday
20260703,2026-07-03,2026,7,3,Friday
20260704,2026-07-04,2026,7,4,Saturday
20260708,2026-07-08,2026,7,8,Wednesday
20260709,2026-07-09,2026,7,9,Thursday
20260711,2026-07-11,2026,7,11,Saturday
20260715,2026-07-15,2026,7,15,Wednesday
20260717,2026-07-17,2026,7,17,Friday
20260723,2026-07-23,2026,7,23,Thursday
20260725,2026-07-25,2026,7,25,Saturday
20260726,2026-07-26,2026,7,26,Sunday
20260731,2026-07-31,2026,7,31,Friday
20260801,2026-08-01,2026,8,1,Saturday
20260804,2026-08-04,2026,8,4,Tuesday
20260806,2026-08-06,2026,8,6,Thursday
20260808,2026-08-08,2026,8,8,Saturday
20260809,2026-08-09,2026,8,9,Sunday
20260810,2026-08-10,2026,8,10,Monday
20260811,2026-08-11,2026,8,11,Tuesday
20260812,2026-08-12,2026,8,12,Wednesday
20260815,2026-08-15,2026,8,15,Saturday
20260819,2026-08-19,2026,8,19,Wednesday
20260821,2026-08-21,2026,8,21,Friday
20260822,2026-08-22,2026,8,22,Saturday
20260826,2026-08-26,2026,8,26,Wednesday
20260827,2026-08-27,2026,8,27,Thursday
20260828,2026-08-28,2026,8,28,Friday
20260829,2026-08-29,2026,8,29,Saturday
20260831,2026-08-31,2026,8,31,Monday
20260902,2026-09-02,2026,9,2,Wednesday
20260905,2026-09-05,2026,9,5,Saturday
20260907,2026-09-07,2026,9,7,Monday
20260908,2026-09-08,2026,9,8,Tuesday
20260909,2026-09-09,2026,9,9,Wednesday
20260910,2026-09-10,2026,9,10,Thursday
20260911,2026-09-11,2026,9,11,Friday
20260916,2026-09-16,2026,9,16,Wednesday
20260917,2026-09-17,2026,9,17,Thursday
20260918,2026-09-18,2026,9,18,Friday
20260919,2026-09-19,2026,9,19,Saturday
20260921,2026-09-21,2026,9,21,Monday
20260923,2026-09-23,2026,9,23,Wednesday
20260924,2026-09-24,2026,9,24,Thursday
20260926,2026-09-26,2026,9,26,Saturday
20261001,2026-10-01,2026,10,1,Thursday
