order_id,order_date,customer_id,customer_name,email,phone,customer_age,gender,city,state,country,product_id,product_name,category,quantity,unit_price,discount_pct,shipping_cost,payment_method,order_status,delivery_date,rating,acquisition_channel,phone_normalized,quantity_negative,shipping_cost_negative,age_invalid,discount_out_of_range,unit_price_nonpositive,email_invalid
ORD-2074,2026-05-23,C1034,Neha Gupta,neha.gupta94@example.com,9158165865,62.0,Male,Ahmedabad,Gujarat,India,P502,Hair Dryer,Beauty,2.0,1499.0,10.0,99,UPI,Delivered,2026-05-26,5.0,Organic Search,9158165865,0,0,0,0,0,0
ORD-2056,2026-04-24,C1006,Kavya Verma,kavya.verma14@example.com,91995 85092,43.0,Male,Delhi,Delhi,India,P302,Air Fryer,Home & Kitchen,3.0,6499.0,0.0,79,Cash on Delivery,Delivered,2026-05-01,5.0,Social Media,9199585092,0,0,0,0,0,0
ORD-2063,2026-02-28,C1017,Sanjay Gupta,sanjay.gupta52@example.com,9488690725,33.0,,Kochi,Kerala,India,P601,Bestseller Novel,Books,2.0,399.0,10.0,0,Debit Card,Delivered,2026-03-02,4.0,Referral,9488690725,0,0,0,0,0,0
ORD-2057,2026-08-06,C1034,Neha Gupta,neha.gupta94@example.com,9158165865,62.0,Male,Ahmedabad,Gujarat,India,P401,Yoga Mat,Sports,2.0,899.0,5.0,79,Wallet,Pending,,,Organic Search,9158165865,0,0,0,0,0,0
ORD-2068,2026-05-25,C1015,Amit Nair,amit.nair84@example.com,9636045484,44.0,Female,Pune,Maharashtra,India,P302,Air Fryer,Home & Kitchen,4.0,6499.0,10.0,0,UPI,Returned,2026-05-30,,Paid Ads,9636045484,0,0,0,0,0,0
ORD-2031,2026-01-03,C1016,Priya Patel,priya.patel96@example.com,9702764446,,Female,Pune,Maharashtra,India,P201,Cotton T-Shirt,Fashion,4.0,699.0,20.0,0,Net Banking,Pending,,,Direct,9702764446,0,0,0,0,0,0
ORD-2058,2026-06-06,C1030,Sanjay Mehta,sanjay.mehta76@example.com,9336456621,19.0,Male,Pune,Maharashtra,India,P301,Non-stick Cookware Set,Home & Kitchen,1.0,2799.0,0.0,49,Wallet,Delivered,2026-06-13,3.0,Direct,9336456621,0,0,0,0,0,0
ORD-2089,2026-01-19,C1010,Rahul Singh,rahul.singh82@example.com,9995619255,42.0,Male,Ahmedabad,Gujarat,India,P601,Bestseller Novel,Books,2.0,399.0,10.0,79,Net Banking,Delivered,2026-01-22,1.0,Social Media,9995619255,0,0,0,0,0,0
ORD-2073,2026-05-18,C1037,Karan Verma,karan.verma13@example.com,9154318806,60.0,Male,Jaipur,Rajasthan,India,P101,Wireless Earbuds,Electronics,1.0,2499.0,20.0,49,Net Banking,Cancelled,,,Organic Search,9154318806,0,0,0,0,0,0
ORD-2091,2026-07-23,C1017,Sanjay Gupta,sanjay.gupta52@example.com,9488690725,33.0,Male,Kochi,Kerala,India,P303,Bed Sheet Set,Home & Kitchen,1.0,1299.0,20.0,79,UPI,Returned,2026-07-31,,Referral,9488690725,0,0,0,0,0,0
ORD-2090,2026-08-22,C1007,Meera Rao,,9883543540,48.0,Male,Chennai,Tamil Nadu,India,P602,Python Programming Book,Books,3.0,749.0,0.0,99,Net Banking,Delivered,2026-08-26,,Email,9883543540,0,0,0,0,0,1
ORD-2003,2026-04-06,C1033,Pooja Verma,pooja.verma25@example.com,9201281557,25.0,Female,Kolkata,West Bengal,India,P103,Bluetooth Speaker,Electronics,2.0,1799.0,0.0,49,Cash on Delivery,Delivered,2026-04-14,3.0,Social Media,9201281557,0,0,0,0,0,0
ORD-2026,2026-06-05,C1036,Karan Patel,karan.patel24@example.com,9399085574,48.0,Male,Kolkata,West Bengal,India,P101,Wireless Earbuds,Electronics,1.0,2499.0,10.0,149,Net Banking,Delivered,2026-06-12,5.0,Organic Search,9399085574,0,0,0,0,0,0
ORD-2061,2026-03-06,C1004,Rajesh Joshi,rajesh.joshi54@example.com,+91-9336696312,47.0,Female,Jaipur,Rajasthan,India,P302,Air Fryer,Home & Kitchen,4.0,,20.0,99,Credit Card,Cancelled,2026-10-01,5.0,Organic Search,+919336696312,0,0,0,0,1,0
ORD-2005,2026-05-16,C1021,Arjun Reddy,arjun.reddy56@example.com,,48.0,Male,Chennai,Tamil Nadu,India,P204,Leather Wallet,Fashion,1.0,999.0,15.0,79,Credit Card,Delivered,,4.0,Direct,,0,0,0,0,0,0
ORD-2007,2026-07-09,C1005,Manish Verma,rahul@@example.com,9553778756,40.0,Female,Mumbai,Maharashtra,India,P204,Leather Wallet,Fashion,1.0,999.0,10.0,149,Wallet,Delivered,2026-07-15,5.0,Paid Ads,9553778756,0,0,0,0,0,1
ORD-2082,2026-03-20,C1030,Sanjay Mehta,,9336456621,19.0,Male,Pune,Maharashtra,India,P104,Power Bank 20000mAh,Electronics,3.0,1599.0,5.0,149,Wallet,Shipped,,,Direct,9336456621,0,0,0,0,0,1
ORD-2086,2026-03-18,C1038,Manish Kumar,manish.kumar22@example.com,9536383774,,Female,Pune,Maharashtra,India,P601,Bestseller Novel,Books,2.0,399.0,10.0,79,Cash on Delivery,Delivered,2026-03-25,5.0,Paid Ads,9536383774,0,0,0,0,0,0
ORD-2013,2026-08-09,C1038,Manish Kumar,manish.kumar22@example.com,+91 9536383774,,,Pune,Maharashtra,India,P201,Cotton T-Shirt,Fashion,1.0,699.0,,79,Debit Card,Delivered,2026-08-11,4.0,Paid Ads,+919536383774,0,0,0,1,0,0
ORD-2034,2026-03-23,C1036,Karan Patel,karan.patel24@example.com,9399085574,48.0,Male,Kolkata,West Bengal,India,P502,Hair Dryer,Beauty,4.0,1499.0,10.0,99,UPI,Pending,,,Organic Search,9399085574,0,0,0,0,0,0
ORD-2002,2026-09-02,C1004,Rajesh Joshi,rajesh.joshi54@example.com,9336696312,47.0,Female,Jaipur,Rajasthan,India,P102,Smart Watch,Electronics,4.0,5999.0,10.0,49,Credit Card,Shipped,,,Organic Search,9336696312,0,0,0,0,0,0
ORD-2038,2026-08-01,C1022,Deepa Singh,deepa.singh98@example.com,9291825997,51.0,Male,Jaipur,Rajasthan,India,P502,Hair Dryer,Beauty,1.0,1499.0,20.0,99,Cash on Delivery,Delivered,2026-08-09,1.0,Direct,9291825997,0,0,0,0,0,0
ORD-2053,2026-04-04,C1032,Rohan Singh,rohan.singh28@example.com,,27.0,Female,Ahmedabad,Gujarat,India,P303,Bed Sheet Set,Home & Kitchen,1.0,1299.0,5.0,79,UPI,Shipped,,,Paid Ads,,0,0,0,0,0,0
ORD-2017,2026-06-29,C1013,Priya Chopra,priya.chopra29@example.com,98350 98955,39.0,Male,Jaipur,Rajasthan,India,P502,Hair Dryer,Beauty,4.0,1499.0,20.0,49,Wallet,Delivered,2026-07-04,3.0,Paid Ads,9835098955,0,0,0,0,0,0
ORD-2016,2026-03-23,C1016,Priya Patel,priya.patel96@example.com,9702764446,53.0,Female,Pune,Maharashtra,India,P301,Non-stick Cookware Set,Home & Kitchen,1.0,2799.0,10.0,0,Debit Card,Returned,2026-04-01,,Direct,9702764446,0,0,0,0,0,0
ORD-2067,2026-02-08,C1016,Priya Patel,priya.patel96@example.com,9702764446,53.0,Female,Pune,Maharashtra,India,P202,Denim Jeans,Fashion,1.0,1899.0,10.0,99,Credit Card,Delivered,2026-02-17,4.0,Direct,9702764446,0,0,0,0,0,0
ORD-2041,2026-08-28,C1026,Aditya Reddy,aditya.reddy9@example.com,9916690353,53.0,Male,Ahmedabad,Gujarat,India,P202,Denim Jeans,Fashion,2.0,1899.0,10.0,0,Cash on Delivery,Delivered,2026-09-05,5.0,Paid Ads,9916690353,0,0,0,0,0,0
ORD-2060,2026-07-04,C1019,Neha Rao,,9509760584,57.0,Female,Bangalore,Karnataka,India,P204,Leather Wallet,Fashion,1.0,999.0,0.0,149,Credit Card,Delivered,2026-07-08,4.0,Referral,9509760584,0,0,0,0,0,1
ORD-2049,2026-08-08,C1003,Aditya Iyer,aditya.iyer65@example.com,9746412689,20.0,Male,Pune,Maharashtra,India,P401,Yoga Mat,Sports,1.0,899.0,0.0,149,Credit Card,Returned,2026-08-15,,Direct,9746412689,0,0,0,0,0,0
ORD-2046,2026-04-22,C1031,Rajesh Sharma,rajesh.sharma9@example.com,9133729406,40.0,Male,Pune,Maharashtra,India,P104,Power Bank 20000mAh,Electronics,3.0,1599.0,5.0,79,Cash on Delivery,Delivered,2026-04-26,5.0,Referral,9133729406,0,0,0,0,0,0
ORD-2076,2026-07-25,C1032,Rohan Singh,rohan.singh28@example.com,9678998028,27.0,Female,Ahmedabad,Gujarat,India,P302,Air Fryer,Home & Kitchen,2.0,6499.0,0.0,99,Credit Card,Pending,,,Paid Ads,9678998028,0,0,0,0,0,0
ORD-2023,2026-06-19,C1028,Divya Verma,divya.verma92@example.com,9434702822,,Female,Pune,Maharashtra,India,P103,Bluetooth Speaker,Electronics,1.0,1799.0,15.0,0,Wallet,Cancelled,2026-10-01,5.0,Email,9434702822,0,0,1,0,0,0
ORD-2008,2026-06-03,C1034,Neha Gupta,neha.gupta94@example.com,9158165865,62.0,Male,Ahmedabad,Gujarat,India,P101,Wireless Earbuds,Electronics,1.0,2499.0,0.0,79,Credit Card,Returned,2026-06-06,,Organic Search,9158165865,0,0,0,0,0,0
ORD-2033,2026-06-12,C1030,Sanjay Mehta,sanjay.mehta76@example.com,9336456621,19.0,Male,Pune,Maharashtra,India,P602,Python Programming Book,Books,2.0,749.0,10.0,149,Net Banking,Pending,,,Direct,9336456621,0,0,0,0,0,0
ORD-2094,2026-07-03,C1004,Rajesh Joshi,rajesh.joshi54@example.com,9336696312,47.0,Female,Jaipur,Rajasthan,India,P302,Air Fryer,Home & Kitchen,2.0,6499.0,0.0,49,Wallet,Delivered,2026-07-11,,Organic Search,9336696312,0,0,0,0,0,0
ORD-2043,2026-08-21,C1021,Arjun Reddy,arjun.reddy56@example.com,9269820594,48.0,Male,Chennai,Tamil Nadu,India,P203,Running Shoes,Fashion,1.0,3299.0,20.0,99,Net Banking,Delivered,2026-08-27,1.0,Direct,9269820594,0,0,0,0,0,0
ORD-2077,2026-06-15,C1021,Arjun Reddy,arjun.reddy56@example.com,9269820594,48.0,Male,Chennai,Tamil Nadu,India,P301,Non-stick Cookware Set,Home & Kitchen,4.0,2799.0,10.0,149,Cash on Delivery,Delivered,2026-06-17,2.0,Direct,9269820594,0,0,0,0,0,0
ORD-2042,2026-08-08,C1002,Deepa Reddy,deepa.reddy12@example.com,9734036506,46.0,Male,Jaipur,Rajasthan,India,P103,Bluetooth Speaker,Electronics,4.0,1799.0,10.0,49,Net Banking,Delivered,2026-08-10,4.0,Organic Search,9734036506,0,0,0,0,0,0
ORD-2069,2026-08-06,C1038,Manish Kumar,manish.kumar22@example.com,9536383774,,Female,Pune,Maharashtra,India,P203,Running Shoes,Fashion,2.0,3299.0,0.0,49,Debit Card,Delivered,2026-08-12,1.0,Paid Ads,9536383774,0,0,0,0,0,0
ORD-2032,2026-09-23,C1015,Amit Nair,amit.nair84@example.com,9636045484,44.0,Female,Pune,Maharashtra,India,P202,Denim Jeans,Fashion,1.0,1899.0,10.0,49,Debit Card,Delivered,2026-09-26,5.0,Paid Ads,9636045484,0,0,0,0,0,0
ORD-2064,2026-02-13,C1037,Karan Verma,karan.verma13@example.com,,60.0,Male,Jaipur,Rajasthan,India,P302,Air Fryer,Home & Kitchen,1.0,6499.0,10.0,99,Cash on Delivery,Delivered,2026-02-18,1.0,Organic Search,,0,0,0,0,0,0
ORD-2087,2026-06-14,C1025,Ananya Chopra,ananya.chopra40@example.com,9357109965,22.0,Male,Delhi,Delhi,India,P502,Hair Dryer,Beauty,3.0,1499.0,0.0,149,Net Banking,Delivered,2026-06-22,4.0,Referral,9357109965,0,0,0,0,0,0
ORD-2018,2026-06-18,C1013,Priya Chopra,priya.chopra29@example.com,,,Male,Jaipur,Rajasthan,India,P402,Dumbbell Set 10kg,Sports,,1999.0,0.0,79,Cash on Delivery,Delivered,2026-06-25,2.0,Paid Ads,,1,0,0,0,0,0
ORD-2051,2026-09-05,C1034,Neha Gupta,neha.gupta94@example.com,9158165865,62.0,Male,Ahmedabad,Gujarat,India,P301,Non-stick Cookware Set,Home & Kitchen,2.0,2799.0,20.0,149,Debit Card,Delivered,2026-09-11,4.0,Organic Search,9158165865,0,0,0,0,0,0
ORD-2088,2026-08-31,C1003,Aditya Iyer,aditya.iyer65@example.com,9746412689,20.0,Male,Pune,Maharashtra,India,P303,Bed Sheet Set,Home & Kitchen,4.0,1299.0,10.0,99,Wallet,Pending,,,Direct,9746412689,0,0,0,0,0,0
ORD-2054,2026-01-06,C1018,Pooja Reddy,pooja.reddy15@example.com,9264112119,59.0,,Hyderabad,Telangana,India,P301,Non-stick Cookware Set,Home & Kitchen,1.0,2799.0,0.0,49,Wallet,Shipped,,,Direct,9264112119,0,0,0,0,0,0
ORD-2075,2026-06-14,C1027,Sunita Das,sunita.das22@example.com,9384602384,52.0,Female,Jaipur,Rajasthan,India,P303,Bed Sheet Set,Home & Kitchen,1.0,1299.0,20.0,49,Net Banking,Returned,2026-06-21,,Paid Ads,9384602384,0,0,0,0,0,0
ORD-2059,2026-04-09,C1035,Rahul Joshi,rahul.joshi14@example.com,9366992705,,Male,Delhi,Delhi,India,P202,Denim Jeans,Fashion,3.0,1899.0,10.0,79,Debit Card,Delivered,2026-04-15,3.0,Referral,9366992705,0,0,0,0,0,0
ORD-2010,2026-09-08,C1017,Sanjay Gupta,sanjay.gupta52@example.com,9488690725,33.0,Female,Kochi,Kerala,India,P602,Python Programming Book,Books,4.0,2499000.0,0.0,0,UPI,Delivered,2026-09-16,1.0,Referral,9488690725,0,0,0,0,0,0
ORD-2066,2026-04-17,C1004,Rajesh Joshi,rajesh.joshi54@example.com,9336696312,47.0,Female,Jaipur,Rajasthan,India,P104,Power Bank 20000mAh,Electronics,1.0,1599.0,5.0,0,Debit Card,Cancelled,,,Organic Search,9336696312,0,0,0,0,0,0
ORD-2006,2026-02-21,C1001,Rajesh Reddy,rajesh.reddy95@example.com,,34.0,Male,Hyderabad,Telangana,India,P502,Hair Dryer,Beauty,2.0,1499.0,0.0,149,UPI,Delivered,2026-02-18,4.0,Paid Ads,,0,0,0,0,0,0
ORD-2039,2026-09-02,C1002,Deepa Reddy,,,46.0,Male,Jaipur,Rajasthan,India,P402,Dumbbell Set 10kg,Sports,1.0,1999.0,5.0,99,Wallet,Delivered,2026-09-10,5.0,Organic Search,,0,0,0,0,0,1
ORD-2037,2026-03-20,C1015,Amit Nair,neha.verma@example,9636045484,44.0,Female,Pune,Maharashtra,India,P402,Dumbbell Set 10kg,Sports,1.0,1999.0,0.0,99,Net Banking,Pending,,,Paid Ads,9636045484,0,0,0,0,0,1
ORD-2050,2026-02-24,C1027,Sunita Das,sunita.das22@example.com,9384602384,,Female,Jaipur,Rajasthan,India,P601,Bestseller Novel,Books,1.0,399.0,15.0,99,Debit Card,Delivered,2026-02-28,5.0,Paid Ads,9384602384,0,0,0,0,0,0
ORD-2021,2026-07-17,C1033,Pooja Verma,pooja.verma25@example.com,9201281557,25.0,Female,Kolkata,West Bengal,India,P104,Power Bank 20000mAh,Electronics,1.0,1599.0,5.0,0,Wallet,Cancelled,2026-10-01,5.0,Social Media,9201281557,0,0,0,0,0,0
ORD-2047,2026-06-09,C1008,Aditya Mehta,aditya.mehta81@example.com,9764130526,42.0,Male,Chennai,Tamil Nadu,India,P202,Denim Jeans,Fashion,2.0,1899.0,0.0,79,Wallet,Delivered,2026-06-17,5.0,Direct,9764130526,0,0,0,0,0,0
ORD-2071,2026-07-26,C1030,Sanjay Mehta,sanjay.mehta76@example.com,9336456621,19.0,Male,Pune,Maharashtra,India,P302,Air Fryer,Home & Kitchen,2.0,6499.0,10.0,99,Cash on Delivery,Delivered,2026-08-04,3.0,Direct,9336456621,0,0,0,0,0,0
ORD-2011,2026-06-20,C1003,Aditya Iyer,aditya.iyer65@example.com,+91 9746412689,20.0,Male,Pune,Maharashtra,India,P101,Wireless Earbuds,Electronics,1.0,2499.0,15.0,79,Debit Card,Pending,,,Direct,+919746412689,0,0,0,0,0,0
ORD-2022,2026-09-24,C1028,Divya Verma,divya.verma92@example.com,9434702822,44.0,Female,Pune,Maharashtra,India,P101,Wireless Earbuds,Electronics,3.0,2499.0,15.0,49,UPI,Shipped,,,Email,9434702822,0,0,0,0,0,0
ORD-2030,2026-04-10,C1030,Sanjay Mehta,sanjay.mehta76@example.com,9336456621,19.0,Male,Pune,Maharashtra,India,P501,Face Serum,Beauty,3.0,849.0,10.0,99,Net Banking,Pending,,,Direct,9336456621,0,0,0,0,0,0
ORD-2027,2026-09-19,C1029,Vikram Das,vikram.das32@example.com,9341266931,23.0,Female,Bengaluru,Karnataka,India,P203,Running Shoes,Fashion,4.0,3299.0,20.0,49,Wallet,Shipped,,,Organic Search,9341266931,0,0,0,0,0,0
ORD-2025,2026-08-04,C1009,Aditya Sharma,aditya.sharma99@example.com,9410727955,24.0,Male,Pune,Maharashtra,India,P203,Running Shoes,Fashion,2.0,3299.0,15.0,49,Net Banking,Returned,2026-08-10,,Organic Search,9410727955,0,0,0,0,0,0
ORD-2014,2026-07-01,C1016,Priya Patel,priya.patel96@example.com,9702764446,53.0,Female,Pune,Maharashtra,India,P104,Power Bank 20000mAh,Electronics,2.0,1599.0,20.0,99,Cash on Delivery,Pending,,,Direct,9702764446,0,0,0,0,0,0
ORD-2012,2026-01-05,C1029,Vikram Das,vikram.das32@example.com,+91 9341266931,23.0,Female,Bengaluru,Karnataka,India,P501,Face Serum,Beauty,1.0,849.0,15.0,49,UPI,Delivered,2026-01-07,1.0,Organic Search,+919341266931,0,0,0,0,0,0
ORD-2084,2026-09-18,C1025,Ananya Chopra,,9357109965,22.0,,Delhi,Delhi,India,P203,Running Shoes,Fashion,1.0,3299.0,20.0,0,UPI,Pending,,,Referral,9357109965,0,0,0,0,0,1
ORD-2070,2026-03-26,C1005,Manish Verma,manish.verma90@example.com,9553778756,40.0,Female,Mumbai,Maharashtra,India,P102,Smart Watch,Electronics,2.0,5999.0,15.0,149,Credit Card,Delivered,2026-04-01,,Paid Ads,9553778756,0,0,0,0,0,0
ORD-2009,2026-05-20,C1036,Karan Patel,,+91 9399085574,48.0,Male,Kolkata,West Bengal,India,P201,Cotton T-Shirt,Fashion,2.0,699.0,0.0,79,Wallet,Delivered,2026-05-25,2.0,Organic Search,+919399085574,0,0,0,0,0,1
ORD-2052,2026-08-19,C1006,Kavya Verma,kavya.verma14@example.com,9199585092,43.0,Male,Delhi,Delhi,India,P301,Non-stick Cookware Set,Home & Kitchen,4.0,2799.0,10.0,149,Credit Card,Delivered,2026-08-27,4.0,Social Media,9199585092,0,0,0,0,0,0
ORD-2019,2026-01-15,C1026,Aditya Reddy,aditya.reddy9@example.com,9916690353,53.0,Male,Ahmedabad,Gujarat,India,P303,Bed Sheet Set,Home & Kitchen,1.0,1299.0,0.0,149,Credit Card,Delivered,2026-01-21,3.0,Paid Ads,9916690353,0,0,0,0,0,0
ORD-2001,2026-04-22,C1013,Priya Chopra,priya.chopra29@example.com,9835098955,39.0,Male,Jaipur,Rajasthan,India,P302,Air Fryer,Home & Kitchen,2.0,6499.0,15.0,149,UPI,Delivered,2026-04-19,2.0,Paid Ads,9835098955,0,0,0,0,0,0
ORD-2093,2026-02-21,C1028,Divya Verma,priya_at_gmail.com,9434702822,44.0,Female,Pune,Maharashtra,India,P104,Power Bank 20000mAh,Electronics,1.0,1599.0,15.0,79,UPI,Delivered,2026-02-23,3.0,Email,9434702822,0,0,0,0,0,1
ORD-2044,2026-08-29,C1017,Sanjay Gupta,sanjay.gupta52@example.com,9488690725,33.0,Male,Kochi,Kerala,India,P103,Bluetooth Speaker,Electronics,3.0,1799.0,10.0,0,Wallet,Delivered,2026-09-05,4.0,Referral,9488690725,0,0,0,0,0,0
ORD-2040,2026-09-07,C1035,Rahul Joshi,rahul.joshi14@example.com,9366992705,31.0,Male,Delhi,Delhi,India,P204,Leather Wallet,Fashion,1.0,999.0,10.0,99,UPI,Delivered,2026-09-09,5.0,Referral,9366992705,0,0,0,0,0,0
ORD-2083,2026-09-05,C1018,Pooja Reddy,,9264112119,59.0,Male,Hyderabad,Telangana,India,P501,Face Serum,Beauty,1.0,849.0,10.0,149,Debit Card,Shipped,,,Direct,9264112119,0,0,0,0,0,1
ORD-2024,2026-06-08,C1020,Priya Mehta,priya.mehta88@example.com,9873869166,26.0,Female,Hyderabad,Telangana,India,P602,Python Programming Book,Books,2.0,749.0,5.0,99,Cash on Delivery,Returned,2026-06-14,,Direct,9873869166,0,0,0,0,0,0
ORD-2081,2026-01-08,C1011,Meera Iyer,meera.iyer90@example.com,9833953718,60.0,Male,Chennai,Tamil Nadu,India,P302,Air Fryer,Home & Kitchen,2.0,6499.0,0.0,0,Credit Card,Cancelled,,,Referral,9833953718,0,1,0,0,0,0
ORD-2035,2026-09-24,C1016,Priya Patel,priya.patel96@example.com,9702764446,53.0,Female,Pune,Maharashtra,India,P301,Non-stick Cookware Set,Home & Kitchen,3.0,2799.0,0.0,79,Net Banking,Shipped,,,Direct,9702764446,0,0,0,0,0,0
ORD-2078,2026-01-28,C1030,Sanjay Mehta,sanjay.mehta76@example.com,9336456621,19.0,Male,Pune,Maharashtra,India,P501,Face Serum,Beauty,2.0,849.0,5.0,149,Net Banking,Delivered,2026-02-06,2.0,Direct,9336456621,0,0,0,0,0,0
ORD-2004,2026-02-11,C1016,Priya Patel,priya.patel96@example.com,9702764446,53.0,Female,Pune,Maharashtra,India,P102,Smart Watch,Electronics,0.0,5999.0,10.0,149,Debit Card,Delivered,2026-02-08,4.0,Direct,9702764446,0,0,0,0,0,0
ORD-2040,2026-09-07,C1035,RAHUL JOSHI,rahul.joshi14@example.com,9366992705,31.0,Male,Delhi,Delhi,India,P204,Leather Wallet,Fashion,1.0,999.0,10.0,99,UPI,Delivered,2026-09-09,5.0,Referral,9366992705,0,0,0,0,0,0
ORD-2079,2026-05-17,C1004,Rajesh Joshi,rajesh.joshi54@example.com,9336696312,47.0,Female,Jaipur,Rajasthan,India,P203,Running Shoes,Fashion,1.0,3299.0,5.0,99,Wallet,Cancelled,,,Organic Search,9336696312,0,0,0,0,0,0
ORD-2080,2026-01-15,C1032,Rohan Singh,rohan.singh28@example.com,9678998028,27.0,Female,Ahmedabad,Gujarat,India,P104,Power Bank 20000mAh,Electronics,2.0,1599.0,20.0,49,Wallet,Cancelled,,,Paid Ads,9678998028,0,0,0,0,0,0
ORD-2092,2026-02-05,C1032,Rohan Singh,rohan.singh28@example.com,9678998028,27.0,Female,Ahmedabad,Gujarat,India,P102,Smart Watch,Electronics,3.0,5999.0,15.0,79,Credit Card,Delivered,2026-02-10,2.0,Paid Ads,9678998028,0,0,0,0,0,0
ORD-2055,2026-05-04,C1027,Sunita Das,john.doe@,9384602384,52.0,Female,Jaipur,Rajasthan,India,P601,Bestseller Novel,Books,2.0,399.0,15.0,99,Credit Card,Returned,2026-05-13,,Paid Ads,9384602384,0,0,0,0,0,1
ORD-2095,2026-03-31,C1012,Rajesh Patel,rajesh.patel94@example.com,+91-9362863730,29.0,Female,Jaipur,Rajasthan,India,P202,Denim Jeans,Fashion,2.0,1899.0,20.0,99,Cash on Delivery,Delivered,2026-04-05,5.0,Email,+919362863730,0,0,0,0,0,0
ORD-2036,2026-05-01,C1005,Manish Verma,manish.verma90@example.com,9553778756,3.0,Female,Mumbai,Maharashtra,India,P302,Air Fryer,Home & Kitchen,1.0,6499.0,5.0,149,Debit Card,Delivered,,4.0,Paid Ads,9553778756,0,0,0,0,0,0
ORD-2015,2026-03-25,C1010,Rahul Singh,rahul.singh82@example.com,,,Male,Ahmedabad,Gujarat,India,P204,Leather Wallet,Fashion,2.0,999.0,0.0,49,Net Banking,Delivered,2026-04-01,1.0,Social Media,,0,0,0,0,0,0
ORD-2048,2026-05-05,C1013,Priya Chopra,priya.chopra29@example.com,98350 98955,,Male,Jaipur,Rajasthan,India,P103,Bluetooth Speaker,Electronics,3.0,1799.0,20.0,79,Cash on Delivery,Delivered,2026-05-08,1.0,Paid Ads,9835098955,0,0,0,0,0,0
ORD-2072,2026-06-15,C1003,Aditya Iyer,aditya.iyer65@example.com,+91 9746412689,,Male,Pune,Maharashtra,India,P501,Face Serum,Beauty,1.0,849.0,0.0,0,Debit Card,Cancelled,,,Direct,+919746412689,0,0,1,0,0,0
ORD-2045,2026-01-16,C1005,Manish Verma,manish.verma90@example.com,9553778756,40.0,Female,Mumbai,Maharashtra,India,P102,Smart Watch,Electronics,250.0,5999.0,20.0,0,Debit Card,Delivered,2026-01-20,4.0,Paid Ads,9553778756,0,0,0,0,0,0
ORD-2029,2026-04-12,C1020,Priya Mehta,,9873869166,26.0,Female,Hyderabad,Telangana,India,P204,Leather Wallet,Fashion,1.0,999.0,0.0,49,Credit Card,Delivered,2026-04-21,5.0,Direct,9873869166,0,0,0,0,0,1
ORD-2062,2026-08-29,C1001,Rajesh Reddy,rajesh.reddy95@example.com,9395310485,34.0,Male,Hyderabad,Telangana,India,P302,Air Fryer,Home & Kitchen,2.0,6499.0,5.0,49,Credit Card,Shipped,,,Paid Ads,9395310485,0,0,0,0,0,0
ORD-2085,2026-09-17,C1027,Sunita Das,sunita.das22@example.com,9384602384,52.0,Female,Jaipur,Rajasthan,India,P303,Bed Sheet Set,Home & Kitchen,4.0,1299.0,0.0,79,Cash on Delivery,Delivered,2026-09-23,1.0,Paid Ads,9384602384,0,0,0,0,0,0
ORD-2020,2026-06-26,C1039,Rahul Chopra,rahul.chopra22@example.com,9506919288,19.0,Female,Hyderabad,Telangana,India,P501,Face Serum,Beauty,4.0,849.0,5.0,99,Cash on Delivery,Pending,,,Social Media,9506919288,0,0,0,0,0,0
ORD-2028,2026-09-21,C1006,Kavya Verma,kavya.verma14@example.com,9199585092,43.0,Male,Delhi,Delhi,India,P302,Air Fryer,Home & Kitchen,3.0,6499.0,10.0,79,Debit Card,Returned,2026-09-24,,Social Media,9199585092,0,0,0,0,0,0
ORD-2065,2026-08-15,C1025,Ananya Chopra,ananya.chopra40@example.com,9357109965,22.0,Male,Delhi,Delhi,India,P502,Hair Dryer,Beauty,4.0,1499.0,10.0,99,Cash on Delivery,Delivered,2026-08-21,5.0,Referral,9357109965,0,0,0,0,0,0
