order_id,product_id,order_date_key,delivery_date_key,customer_key,product_key,geography_key,payment_method_key,order_status_key,acquisition_channel_key,quantity,unit_price,discount_pct,shipping_cost,item_subtotal,discount_amount,item_net_amount,line_total,rating
ORD-2074,P502,20260523,20260526.0,31,15,1,5,2,3,2.0,1499.0,10.0,99,2998.0,299.8,2698.2,2797.2,5.0
ORD-2056,P302,20260424,20260501.0,6,10,5,1,2,6,3.0,6499.0,0.0,79,19497.0,0.0,19497.0,19576.0,5.0
ORD-2063,P601,20260228,20260302.0,16,16,8,3,2,5,2.0,399.0,10.0,0,798.0,79.8,718.2,718.2,4.0
ORD-2057,P401,20260806,,31,12,1,6,3,3,2.0,899.0,5.0,79,1798.0,89.9,1708.1,1787.1,
ORD-2068,P302,20260525,20260530.0,14,10,11,5,4,4,4.0,6499.0,10.0,0,25996.0,2599.6,23396.4,23396.4,
ORD-2031,P201,20260103,,15,5,11,4,3,1,4.0,699.0,20.0,0,2796.0,559.2,2236.8,2236.8,
ORD-2058,P301,20260606,20260613.0,27,9,11,6,2,1,1.0,2799.0,0.0,49,2799.0,0.0,2799.0,2848.0,3.0
ORD-2089,P601,20260119,20260122.0,10,16,1,4,2,6,2.0,399.0,10.0,79,798.0,79.8,718.2,797.2,1.0
ORD-2073,P101,20260518,,34,1,7,4,1,3,1.0,2499.0,20.0,49,2499.0,499.8,1999.2,2048.2,
ORD-2091,P303,20260723,20260731.0,16,11,8,5,4,5,1.0,1299.0,20.0,79,1299.0,259.8,1039.2,1118.2,
ORD-2090,P602,20260822,20260826.0,7,17,4,4,2,2,3.0,749.0,0.0,99,2247.0,0.0,2247.0,2346.0,
ORD-2003,P103,20260406,20260414.0,30,3,9,1,2,6,2.0,1799.0,0.0,49,3598.0,0.0,3598.0,3647.0,3.0
ORD-2026,P101,20260605,20260612.0,33,1,9,4,2,3,1.0,2499.0,10.0,149,2499.0,249.9,2249.1,2398.1,5.0
ORD-2061,P302,20260306,20261001.0,4,10,7,2,1,3,4.0,,20.0,99,0.0,0.0,0.0,99.0,5.0
ORD-2005,P204,20260516,,20,8,4,2,2,1,1.0,999.0,15.0,79,999.0,149.85,849.15,928.15,4.0
ORD-2007,P204,20260709,20260715.0,5,8,10,6,2,4,1.0,999.0,10.0,149,999.0,99.9,899.1,1048.1,5.0
ORD-2082,P104,20260320,,27,4,11,6,5,1,3.0,1599.0,5.0,149,4797.0,239.85,4557.15,4706.15,
ORD-2086,P601,20260318,20260325.0,35,16,11,1,2,4,2.0,399.0,10.0,79,798.0,79.8,718.2,797.2,5.0
ORD-2013,P201,20260809,20260811.0,35,5,11,3,2,4,1.0,699.0,,79,699.0,0.0,699.0,778.0,4.0
ORD-2034,P502,20260323,,33,15,9,5,3,3,4.0,1499.0,10.0,99,5996.0,599.6,5396.4,5495.4,
ORD-2002,P102,20260902,,4,2,7,2,5,3,4.0,5999.0,10.0,49,23996.0,2399.6,21596.4,21645.4,
ORD-2038,P502,20260801,20260809.0,21,15,7,1,2,1,1.0,1499.0,20.0,99,1499.0,299.8,1199.2,1298.2,1.0
ORD-2053,P303,20260404,,29,11,1,5,5,4,1.0,1299.0,5.0,79,1299.0,64.95,1234.05,1313.05,
ORD-2017,P502,20260629,20260704.0,13,15,7,6,2,4,4.0,1499.0,20.0,49,5996.0,1199.2,4796.8,4845.8,3.0
ORD-2016,P301,20260323,20260401.0,15,9,11,3,4,1,1.0,2799.0,10.0,0,2799.0,279.9,2519.1,2519.1,
ORD-2067,P202,20260208,20260217.0,15,6,11,2,2,1,1.0,1899.0,10.0,99,1899.0,189.9,1709.1,1808.1,4.0
ORD-2041,P202,20260828,20260905.0,23,6,1,1,2,4,2.0,1899.0,10.0,0,3798.0,379.8,3418.2,3418.2,5.0
ORD-2060,P204,20260704,20260708.0,18,8,2,2,2,5,1.0,999.0,0.0,149,999.0,0.0,999.0,1148.0,4.0
ORD-2049,P401,20260808,20260815.0,3,12,11,2,4,1,1.0,899.0,0.0,149,899.0,0.0,899.0,1048.0,
ORD-2046,P104,20260422,20260426.0,28,4,11,1,2,5,3.0,1599.0,5.0,79,4797.0,239.85,4557.15,4636.15,5.0
ORD-2076,P302,20260725,,29,10,1,2,3,4,2.0,6499.0,0.0,99,12998.0,0.0,12998.0,13097.0,
ORD-2023,P103,20260619,20261001.0,25,3,11,6,1,2,1.0,1799.0,15.0,0,1799.0,269.85,1529.15,1529.15,5.0
ORD-2008,P101,20260603,20260606.0,31,1,1,2,4,3,1.0,2499.0,0.0,79,2499.0,0.0,2499.0,2578.0,
ORD-2033,P602,20260612,,27,17,11,4,3,1,2.0,749.0,10.0,149,1498.0,149.8,1348.2,1497.2,
ORD-2094,P302,20260703,20260711.0,4,10,7,6,2,3,2.0,6499.0,0.0,49,12998.0,0.0,12998.0,13047.0,
ORD-2043,P203,20260821,20260827.0,20,7,4,4,2,1,1.0,3299.0,20.0,99,3299.0,659.8,2639.2,2738.2,1.0
ORD-2077,P301,20260615,20260617.0,20,9,4,1,2,1,4.0,2799.0,10.0,149,11196.0,1119.6,10076.4,10225.4,2.0
ORD-2042,P103,20260808,20260810.0,2,3,7,4,2,3,4.0,1799.0,10.0,49,7196.0,719.6,6476.4,6525.4,4.0
ORD-2069,P203,20260806,20260812.0,35,7,11,3,2,4,2.0,3299.0,0.0,49,6598.0,0.0,6598.0,6647.0,1.0
ORD-2032,P202,20260923,20260926.0,14,6,11,3,2,4,1.0,1899.0,10.0,49,1899.0,189.9,1709.1,1758.1,5.0
ORD-2064,P302,20260213,20260218.0,34,10,7,1,2,3,1.0,6499.0,10.0,99,6499.0,649.9,5849.1,5948.1,1.0
ORD-2087,P502,20260614,20260622.0,22,15,5,4,2,5,3.0,1499.0,0.0,149,4497.0,0.0,4497.0,4646.0,4.0
ORD-2018,P402,20260618,20260625.0,13,13,7,1,2,4,,1999.0,0.0,79,0.0,0.0,0.0,79.0,2.0
ORD-2051,P301,20260905,20260911.0,31,9,1,3,2,3,2.0,2799.0,20.0,149,5598.0,1119.6,4478.4,4627.4,4.0
ORD-2088,P303,20260831,,3,11,11,6,3,1,4.0,1299.0,10.0,99,5196.0,519.6,4676.4,4775.4,
ORD-2054,P301,20260106,,17,9,6,6,5,1,1.0,2799.0,0.0,49,2799.0,0.0,2799.0,2848.0,
ORD-2075,P303,20260614,20260621.0,24,11,7,4,4,4,1.0,1299.0,20.0,49,1299.0,259.8,1039.2,1088.2,
ORD-2059,P202,20260409,20260415.0,32,6,5,3,2,5,3.0,1899.0,10.0,79,5697.0,569.7,5127.3,5206.3,3.0
ORD-2010,P602,20260908,20260916.0,16,17,8,5,2,5,4.0,2499000.0,0.0,0,9996000.0,0.0,9996000.0,9996000.0,1.0
ORD-2066,P104,20260417,,4,4,7,3,1,3,1.0,1599.0,5.0,0,1599.0,79.95,1519.05,1519.05,
ORD-2006,P502,20260221,20260218.0,1,15,6,5,2,4,2.0,1499.0,0.0,149,2998.0,0.0,2998.0,3147.0,4.0
ORD-2039,P402,20260902,20260910.0,2,13,7,6,2,3,1.0,1999.0,5.0,99,1999.0,99.95,1899.05,1998.05,5.0
ORD-2037,P402,20260320,,14,13,11,4,3,4,1.0,1999.0,0.0,99,1999.0,0.0,1999.0,2098.0,
ORD-2050,P601,20260224,20260228.0,24,16,7,3,2,4,1.0,399.0,15.0,99,399.0,59.85,339.15,438.15,5.0
ORD-2021,P104,20260717,20261001.0,30,4,9,6,1,6,1.0,1599.0,5.0,0,1599.0,79.95,1519.05,1519.05,5.0
ORD-2047,P202,20260609,20260617.0,8,6,4,6,2,1,2.0,1899.0,0.0,79,3798.0,0.0,3798.0,3877.0,5.0
ORD-2071,P302,20260726,20260804.0,27,10,11,1,2,1,2.0,6499.0,10.0,99,12998.0,1299.8,11698.2,11797.2,3.0
ORD-2011,P101,20260620,,3,1,11,3,3,1,1.0,2499.0,15.0,79,2499.0,374.85,2124.15,2203.15,
ORD-2022,P101,20260924,,25,1,11,5,5,2,3.0,2499.0,15.0,49,7497.0,1124.55,6372.45,6421.45,
ORD-2030,P501,20260410,,27,14,11,4,3,1,3.0,849.0,10.0,99,2547.0,254.7,2292.3,2391.3,
ORD-2027,P203,20260919,,26,7,3,6,5,3,4.0,3299.0,20.0,49,13196.0,2639.2,10556.8,10605.8,
ORD-2025,P203,20260804,20260810.0,9,7,11,4,4,3,2.0,3299.0,15.0,49,6598.0,989.7,5608.3,5657.3,
ORD-2014,P104,20260701,,15,4,11,1,3,1,2.0,1599.0,20.0,99,3198.0,639.6,2558.4,2657.4,
ORD-2012,P501,20260105,20260107.0,26,14,3,5,2,3,1.0,849.0,15.0,49,849.0,127.35,721.65,770.65,1.0
ORD-2084,P203,20260918,,22,7,5,5,3,5,1.0,3299.0,20.0,0,3299.0,659.8,2639.2,2639.2,
ORD-2070,P102,20260326,20260401.0,5,2,10,2,2,4,2.0,5999.0,15.0,149,11998.0,1799.7,10198.3,10347.3,
ORD-2009,P201,20260520,20260525.0,33,5,9,6,2,3,2.0,699.0,0.0,79,1398.0,0.0,1398.0,1477.0,2.0
ORD-2052,P301,20260819,20260827.0,6,9,5,2,2,6,4.0,2799.0,10.0,149,11196.0,1119.6,10076.4,10225.4,4.0
ORD-2019,P303,20260115,20260121.0,23,11,1,2,2,4,1.0,1299.0,0.0,149,1299.0,0.0,1299.0,1448.0,3.0
ORD-2001,P302,20260422,20260419.0,13,10,7,5,2,4,2.0,6499.0,15.0,149,12998.0,1949.7,11048.3,11197.3,2.0
ORD-2093,P104,20260221,20260223.0,25,4,11,5,2,2,1.0,1599.0,15.0,79,1599.0,239.85,1359.15,1438.15,3.0
ORD-2044,P103,20260829,20260905.0,16,3,8,6,2,5,3.0,1799.0,10.0,0,5397.0,539.7,4857.3,4857.3,4.0
ORD-2040,P204,20260907,20260909.0,32,8,5,5,2,5,1.0,999.0,10.0,99,999.0,99.9,899.1,998.1,5.0
ORD-2083,P501,20260905,,17,14,6,3,5,1,1.0,849.0,10.0,149,849.0,84.9,764.1,913.1,
ORD-2024,P602,20260608,20260614.0,19,17,6,1,4,1,2.0,749.0,5.0,99,1498.0,74.9,1423.1,1522.1,
ORD-2081,P302,20260108,,11,10,4,2,1,5,2.0,6499.0,0.0,0,12998.0,0.0,12998.0,12998.0,
ORD-2035,P301,20260924,,15,9,11,4,5,1,3.0,2799.0,0.0,79,8397.0,0.0,8397.0,8476.0,
ORD-2078,P501,20260128,20260206.0,27,14,11,4,2,1,2.0,849.0,5.0,149,1698.0,84.9,1613.1,1762.1,2.0
ORD-2004,P102,20260211,20260208.0,15,2,11,3,2,1,0.0,5999.0,10.0,149,0.0,0.0,0.0,149.0,4.0
ORD-2079,P203,20260517,,4,7,7,6,1,3,1.0,3299.0,5.0,99,3299.0,164.95,3134.05,3233.05,
ORD-2080,P104,20260115,,29,4,1,6,1,4,2.0,1599.0,20.0,49,3198.0,639.6,2558.4,2607.4,
ORD-2092,P102,20260205,20260210.0,29,2,1,2,2,4,3.0,5999.0,15.0,79,17997.0,2699.55,15297.45,15376.45,2.0
ORD-2055,P601,20260504,20260513.0,24,16,7,2,4,4,2.0,399.0,15.0,99,798.0,119.7,678.3,777.3,
ORD-2095,P202,20260331,20260405.0,12,6,7,1,2,2,2.0,1899.0,20.0,99,3798.0,759.6,3038.4,3137.4,5.0
ORD-2036,P302,20260501,,5,10,10,3,2,4,1.0,6499.0,5.0,149,6499.0,324.95,6174.05,6323.05,4.0
ORD-2015,P204,20260325,20260401.0,10,8,1,4,2,6,2.0,999.0,0.0,49,1998.0,0.0,1998.0,2047.0,1.0
ORD-2048,P103,20260505,20260508.0,13,3,7,1,2,4,3.0,1799.0,20.0,79,5397.0,1079.4,4317.6,4396.6,1.0
ORD-2072,P501,20260615,,3,14,11,3,1,1,1.0,849.0,0.0,0,849.0,0.0,849.0,849.0,
ORD-2045,P102,20260116,20260120.0,5,2,10,3,2,4,250.0,5999.0,20.0,0,1499750.0,299950.0,1199800.0,1199800.0,4.0
ORD-2029,P204,20260412,20260421.0,19,8,6,2,2,1,1.0,999.0,0.0,49,999.0,0.0,999.0,1048.0,5.0
ORD-2062,P302,20260829,,1,10,6,2,5,4,2.0,6499.0,5.0,49,12998.0,649.9,12348.1,12397.1,
ORD-2085,P303,20260917,20260923.0,24,11,7,1,2,4,4.0,1299.0,0.0,79,5196.0,0.0,5196.0,5275.0,1.0
ORD-2020,P501,20260626,,36,14,6,1,3,6,4.0,849.0,5.0,99,3396.0,169.8,3226.2,3325.2,
ORD-2028,P302,20260921,20260924.0,6,10,5,3,4,6,3.0,6499.0,10.0,79,19497.0,1949.7,17547.3,17626.3,
ORD-2065,P502,20260815,20260821.0,22,15,5,1,2,5,4.0,1499.0,10.0,99,5996.0,599.6,5396.4,5495.4,5.0
